{
  "category": "Sub-DHS Level",
  "category_col": "Category",
  "split_seed": 22,
  "split_fractions": {
    "train": 0.6,
    "val": 0.2,
    "test": 0.2
  },
  "split_sizes": {
    "train": 29,
    "val": 9,
    "test": 11
  },
  "organism": "mouse",
  "resolution": 128,
  "tracks": [
    "dnase",
    "chip_histone",
    "chip_tf"
  ],
  "signal_threshold": 0.0,
  "feature_names": [
    "dnase",
    "h3k27ac",
    "h3k4me1",
    "ep300"
  ],
  "log_transform": true,
  "model_type": "ridge",
  "selected_alpha": 10.0,
  "train_metrics": {
    "pearson_r": 0.639187216758728,
    "pearson_p": 0.000189583923202008,
    "pearson_r2": 0.40856030583381653,
    "spearman_rho": 0.5201970443349753,
    "spearman_p": 0.003820050897392657,
    "r2": -0.29711223578445956,
    "mse_log1p": 0.03337552398443222,
    "rmse_log1p": 0.18268969655036926,
    "mae_log1p": 0.1478671133518219,
    "mape_pct": 88.28327941894531,
    "n_samples": 29,
    "mean_true": 0.29551663994789124,
    "mean_pred": 0.13444331288337708,
    "std_true": 0.21391306817531586,
    "std_pred": 0.05706808343529701
  },
  "val_metrics": {
    "pearson_r": 0.5196456909179688,
    "pearson_p": 0.15161257982254028,
    "pearson_r2": 0.2700316309928894,
    "spearman_rho": 0.45,
    "spearman_p": 0.22421610749233675,
    "r2": 0.26399031622600366,
    "mse_log1p": 0.02223443053662777,
    "rmse_log1p": 0.14911213517189026,
    "mae_log1p": 0.12944413721561432,
    "mape_pct": 153.89523315429688,
    "n_samples": 9,
    "mean_true": 0.36812037229537964,
    "mean_pred": 0.3530830442905426,
    "std_true": 0.2473660260438919,
    "std_pred": 0.14052370190620422
  },
  "test_metrics": {
    "pearson_r": 0.9033368229866028,
    "pearson_p": 0.00013799780572298914,
    "pearson_r2": 0.8160173892974854,
    "spearman_rho": 0.9636363636363637,
    "spearman_p": 1.8520398640703137e-06,
    "r2": 0.3259200046101204,
    "mse_log1p": 0.027540890499949455,
    "rmse_log1p": 0.16595448553562164,
    "mae_log1p": 0.1497359424829483,
    "mape_pct": 295.8733215332031,
    "n_samples": 11,
    "mean_true": 0.2682924270629883,
    "mean_pred": 0.43856242299079895,
    "std_true": 0.2532356083393097,
    "std_pred": 0.1793888807296753
  }
}
