PL,mendel_name,sequence_length,raw_score,component_dnase,component_h3k27ac,component_h3k4me1,component_ep300,normalized_score,is_reference,Project,groups,MenDel.Name,Clone.ID,Sox2 (CAST),Sox2 (BL6),Fold Change,Activity,Paper
PL188,Sox2_DistalLCR_DHS19andDHS23,26880,260.28624243736266,100.86370402574539,61.90747871994972,51.338163524866104,94.07421478629112,,False,DistalLCR,DHSs 19 & 20,Sox2_DistalLCR_DHS19andDHS23,BL6/C PL188(Sox2_6_7)_20221222_E01,5.463,10.077,0.041,0.028,EnhancerCluster
PL188,Sox2_DistalLCR_DHS19andDHS23,26880,260.28624243736266,100.86370402574539,61.90747871994972,51.338163524866104,94.07421478629112,,False,DistalLCR,DHSs 19 & 20,Sox2_DistalLCR_DHS19andDHS23,BL6/C PL188(Sox2_6_7)_20221222_E02,5.42,9.807,0.048,0.033,EnhancerCluster
PL188,Sox2_DistalLCR_DHS19andDHS23,26880,260.28624243736266,100.86370402574539,61.90747871994972,51.338163524866104,94.07421478629112,,False,DistalLCR,DHSs 19 & 20,Sox2_DistalLCR_DHS19andDHS23,BL6/C PL188(Sox2_6_7)_20221222_E05,6.633,9.647,0.124,0.087,EnhancerCluster
PL188,Sox2_DistalLCR_DHS19andDHS23,26880,260.28624243736266,100.86370402574539,61.90747871994972,51.338163524866104,94.07421478629112,,False,DistalLCR,DHSs 19 & 20,Sox2_DistalLCR_DHS19andDHS23,BL6/C PL188(Sox2_6_7)_20221222_E06,5.53,10.483,0.032,0.022,EnhancerCluster
PL188,Sox2_DistalLCR_DHS19andDHS23,26880,260.28624243736266,100.86370402574539,61.90747871994972,51.338163524866104,94.07421478629112,,False,DistalLCR,DHSs 19 & 20,Sox2_DistalLCR_DHS19andDHS23,BL6/C PL188(Sox2_6_7)_20221222_E09,5.41,9.823,0.047,0.032,EnhancerCluster
