{
  "train": {
    "pearson_r": 0.1847499860845546,
    "pearson_p": 0.07464646483828914,
    "pearson_r2": 0.03413255735824312,
    "spearman_rho": 0.3773372251847228,
    "spearman_p": 0.00017750156810709703,
    "r2": -0.25578866790614163,
    "mse_log1p": 0.048833682700667166,
    "rmse_log1p": 0.22098344440402581,
    "mae_log1p": 0.18150938721210647,
    "mape_pct": 451.88008003812666,
    "n_samples": 94,
    "mean_true": 0.3216075897476375,
    "mean_pred": 0.299732370531915,
    "std_true": 0.30456907755202167,
    "std_pred": 0.21879679549130715
  },
  "val": {
    "pearson_r": 0.5179159632655341,
    "pearson_p": 0.0028424574994205306,
    "pearson_r2": 0.2682369450052661,
    "spearman_rho": 0.4149193548387097,
    "spearman_p": 0.02028841919986633,
    "r2": 0.1110021553317545,
    "mse_log1p": 0.04992898319724433,
    "rmse_log1p": 0.2234479429246202,
    "mae_log1p": 0.18002061919430207,
    "mape_pct": 301.76058726237835,
    "n_samples": 31,
    "mean_true": 0.3689781060811421,
    "mean_pred": 0.2603112458064516,
    "std_true": 0.3588146002692869,
    "std_pred": 0.09399265397454812
  },
  "test": {
    "pearson_r": 0.5518211793663697,
    "pearson_p": 0.0008714390036955713,
    "pearson_r2": 0.3045066139972911,
    "spearman_rho": 0.3280688571661428,
    "spearman_p": 0.06233480225497445,
    "r2": 0.22094445073918312,
    "mse_log1p": 0.04249416356143568,
    "rmse_log1p": 0.20614112535211326,
    "mae_log1p": 0.1748515257118324,
    "mape_pct": 474.1309459773876,
    "n_samples": 33,
    "mean_true": 0.32412337662337665,
    "mean_pred": 0.3790621696969696,
    "std_true": 0.3304504527819306,
    "std_pred": 0.26049371052450837
  }
}
