split,pearson_r,pearson_p,pearson_r2,spearman_rho,spearman_p,r2,mse_log1p,rmse_log1p,mae_log1p,mape_pct,n_samples,mean_true,mean_pred,std_true,std_pred
train,0.1847499860845546,0.07464646483828914,0.03413255735824312,0.3773372251847228,0.00017750156810709703,-0.25578866790614163,0.048833682700667166,0.22098344440402581,0.18150938721210647,451.88008003812666,94,0.3216075897476375,0.299732370531915,0.30456907755202167,0.21879679549130715
val,0.5179159632655341,0.0028424574994205306,0.2682369450052661,0.4149193548387097,0.02028841919986633,0.1110021553317545,0.04992898319724433,0.2234479429246202,0.18002061919430207,301.76058726237835,31,0.3689781060811421,0.2603112458064516,0.3588146002692869,0.09399265397454812
test,0.5518211793663697,0.0008714390036955713,0.3045066139972911,0.3280688571661428,0.06233480225497445,0.22094445073918312,0.04249416356143568,0.20614112535211326,0.1748515257118324,474.1309459773876,33,0.32412337662337665,0.3790621696969696,0.3304504527819306,0.26049371052450837
