{
  "category": "DHS Level",
  "category_col": "Category",
  "split_seed": 22,
  "split_fractions": {
    "train": 0.6,
    "val": 0.2,
    "test": 0.2
  },
  "split_sizes": {
    "train": 94,
    "val": 31,
    "test": 33
  },
  "organism": "mouse",
  "resolution": 128,
  "tracks": [
    "dnase",
    "chip_histone",
    "chip_tf"
  ],
  "signal_threshold": 0.0,
  "feature_names": [
    "dnase",
    "h3k27ac",
    "h3k4me1",
    "ep300"
  ],
  "log_transform": true,
  "model_type": "mlp",
  "hyperparams": {
    "hidden_dim": 32,
    "dropout": 0.3,
    "n_epochs_max": 200,
    "batch_size": 16,
    "lr": 0.0005,
    "weight_decay": 0.01,
    "patience": 9999
  },
  "training": {
    "best_epoch": 200,
    "best_val_loss": 0.17745297281972824,
    "final_train_r": 0.04577849927121108,
    "final_val_r": 0.1540049258411091
  },
  "train_metrics": {
    "pearson_r": 0.4449194676733623,
    "pearson_p": 7.025891936189061e-06,
    "pearson_r2": 0.1979533327147481,
    "spearman_rho": 0.3531991446658027,
    "spearman_p": 0.0004797260250987285,
    "r2": 0.15479051967701718,
    "mse_log1p": 0.044906324301798445,
    "rmse_log1p": 0.21191112359146805,
    "mae_log1p": 0.18224486890937042,
    "mape_pct": 403.7577539171397,
    "n_samples": 94,
    "mean_true": 0.323879096458884,
    "mean_pred": 0.26948884795320793,
    "std_true": 0.3318258843795862,
    "std_pred": 0.10527673650235096
  },
  "val_metrics": {
    "pearson_r": 0.08103158006946037,
    "pearson_p": 0.6647690108219805,
    "pearson_r2": 0.006566116968553368,
    "spearman_rho": 0.2439762085188454,
    "spearman_p": 0.18594483752118438,
    "r2": -4.171871581369784,
    "mse_log1p": 0.1041305959606193,
    "rmse_log1p": 0.3226927268480331,
    "mae_log1p": 0.23277194328859963,
    "mape_pct": 353.00614472365794,
    "n_samples": 31,
    "mean_true": 0.34490790649227077,
    "mean_pred": 0.3312283856493811,
    "std_true": 0.31239520845558916,
    "std_pred": 0.6637414828634739
  },
  "test_metrics": {
    "pearson_r": 0.4740621291494817,
    "pearson_p": 0.005319400464757029,
    "pearson_r2": 0.22473490229373988,
    "spearman_rho": 0.42546791443850274,
    "spearman_p": 0.013569513628839656,
    "r2": -5.197723706993268,
    "mse_log1p": 0.11076063007457129,
    "rmse_log1p": 0.3328071965486493,
    "mae_log1p": 0.21367658909229445,
    "mape_pct": 440.9837157065643,
    "n_samples": 33,
    "mean_true": 0.3402644226779089,
    "mean_pred": 0.6075834630790985,
    "std_true": 0.30049588002626343,
    "std_pred": 0.7891193738779866
  }
}
